日期,股票代码,开盘,收盘,最高,最低,成交量,成交额,振幅,涨跌幅,涨跌额,换手率
2025-04-02,600519,1530.4,1521.42,1540.2,1517.9,21674,3371883024.0,1.46,-0.46,-7.0,0.17
2025-04-03,600519,1502.4,1541.28,1558.4,1501.41,35481,5557442052.0,3.75,1.31,19.86,0.28
2025-04-07,600519,1492.41,1472.4,1509.25,1434.4,101953,15314738235.0,4.86,-4.47,-68.88,0.81
2025-04-08,600519,1485.4,1517.4,1517.4,1467.4,73876,11226977557.0,3.4,3.06,45.0,0.59
2025-04-09,600519,1497.42,1513.44,1529.2,1492.95,55630,8562928225.0,2.39,-0.26,-3.96,0.44
2025-04-10,600519,1523.39,1521.4,1527.4,1500.4,38620,5963650791.0,1.78,0.53,7.96,0.31
2025-04-11,600519,1552.37,1541.38,1552.37,1517.4,32634,5087359924.0,2.3,1.31,19.98,0.26
2025-04-14,600519,1533.37,1524.39,1538.4,1523.93,21711,3379425640.0,0.94,-1.1,-16.99,0.17
2025-04-15,600519,1524.4,1530.4,1537.4,1517.4,21489,3339942729.0,1.31,0.39,6.01,0.17
2025-04-16,600519,1524.4,1531.57,1548.4,1509.4,31156,4834880596.0,2.55,0.08,1.17,0.25
2025-04-17,600519,1526.4,1542.4,1548.9,1522.39,23846,3733924973.0,1.73,0.71,10.83,0.19
2025-04-18,600519,1538.4,1538.34,1547.4,1528.4,20298,3179974340.0,1.23,-0.26,-4.06,0.16
2025-04-21,600519,1537.9,1523.4,1537.9,1523.4,18057,2808158177.0,0.94,-0.97,-14.94,0.14
2025-04-22,600519,1522.4,1521.2,1528.7,1515.61,18432,2857525967.0,0.86,-0.14,-2.2,0.15
2025-04-23,600519,1531.4,1524.4,1531.62,1517.4,18669,2895468892.0,0.93,0.21,3.2,0.15
2025-04-24,600519,1524.4,1524.65,1533.08,1521.38,14872,2313372072.0,0.77,0.02,0.25,0.12
2025-04-25,600519,1529.5,1522.4,1533.6,1522.4,14765,2295029705.0,0.73,-0.15,-2.25,0.12
2025-04-28,600519,1524.4,1522.4,1527.4,1519.0,14660,2274252465.0,0.55,0.0,0.0,0.12
2025-04-29,600519,1522.4,1516.4,1524.94,1504.42,18922,2917422938.0,1.35,-0.39,-6.0,0.15
2025-04-30,600519,1522.39,1519.4,1539.06,1518.7,25754,4005439429.0,1.34,0.2,3.0,0.21
2025-05-06,600519,1531.4,1522.6,1531.4,1516.73,18300,2838614215.0,0.97,0.21,3.2,0.15
2025-05-07,600519,1542.4,1527.4,1542.4,1522.6,27462,4275142569.0,1.3,0.32,4.8,0.22
2025-05-08,600519,1525.4,1550.59,1565.18,1522.23,33481,5265446444.0,2.81,1.52,23.19,0.27
2025-05-09,600519,1551.39,1563.58,1569.85,1547.45,23672,3757574546.0,1.44,0.84,12.99,0.19
2025-05-12,600519,1570.4,1576.9,1591.33,1569.01,24735,3967785800.0,1.43,0.85,13.32,0.2
2025-05-13,600519,1581.32,1562.7,1581.32,1557.51,21258,3386617848.0,1.51,-0.9,-14.2,0.17
2025-05-14,600519,1562.4,1607.39,1617.4,1560.58,39460,6394735058.0,3.64,2.86,44.69,0.31
2025-05-15,600519,1607.2,1604.41,1615.99,1596.53,24733,4043402636.0,1.21,-0.19,-2.98,0.2
2025-05-16,600519,1606.39,1586.53,1609.39,1586.53,22935,3714508659.0,1.42,-1.11,-17.88,0.18
2025-05-19,600519,1568.4,1551.38,1572.4,1546.28,38063,6021950010.0,1.65,-2.22,-35.15,0.3
2025-05-20,600519,1552.4,1558.4,1567.2,1547.5,19522,3095742637.0,1.27,0.45,7.02,0.16
2025-05-21,600519,1557.4,1553.37,1568.34,1553.37,19795,3143941416.0,0.96,-0.32,-5.03,0.16
2025-05-22,600519,1553.39,1552.4,1557.39,1542.5,15090,2381236586.0,0.96,-0.06,-0.97,0.12
2025-05-23,600519,1547.6,1545.0,1560.3,1544.06,21537,3399424961.0,1.05,-0.48,-7.4,0.17
2025-05-26,600519,1542.4,1522.9,1547.03,1517.4,27087,4212944430.0,1.92,-1.43,-22.1,0.22
2025-05-27,600519,1523.4,1516.3,1531.0,1515.91,17752,2748945675.0,0.99,-0.43,-6.6,0.14
2025-05-28,600519,1516.39,1509.4,1518.86,1505.4,16266,2504624605.0,0.89,-0.46,-6.9,0.13
2025-05-29,600519,1512.4,1512.4,1527.4,1504.4,21860,3375465796.0,1.52,0.2,3.0,0.17
2025-05-30,600519,1512.55,1494.4,1517.4,1487.64,31239,4764875947.0,1.97,-1.19,-18.0,0.25
2025-06-03,600519,1480.41,1481.4,1491.4,1477.42,28979,4377892799.0,0.94,-0.87,-13.0,0.23
2025-06-04,600519,1482.9,1482.36,1495.4,1481.62,23008,3480363797.0,0.93,0.06,0.96,0.18
2025-06-05,600519,1486.4,1486.4,1488.4,1474.6,23214,3504925524.0,0.93,0.27,4.04,0.18
2025-06-06,600519,1486.2,1478.79,1491.37,1475.4,25023,3777727616.0,1.07,-0.51,-7.61,0.2
2025-06-09,600519,1477.42,1458.51,1481.1,1458.08,44959,6723839138.0,1.56,-1.37,-20.28,0.36
2025-06-10,600519,1458.4,1447.41,1464.4,1447.2,30492,4511934584.0,1.18,-0.76,-11.1,0.24
2025-06-11,600519,1449.2,1452.4,1466.4,1448.5,30893,4585522755.0,1.24,0.34,4.99,0.25
2025-06-12,600519,1452.4,1431.4,1456.27,1426.5,49904,7306800800.0,2.05,-1.45,-21.0,0.4
2025-06-13,600519,1416.81,1399.35,1422.37,1397.46,59113,8466515559.0,1.74,-2.24,-32.05,0.47
2025-06-16,600519,1373.6,1394.69,1397.44,1373.58,42888,6060448438.0,1.71,-0.33,-4.66,0.34
2025-06-17,600519,1392.4,1399.4,1399.4,1384.58,27232,3868364671.0,1.06,0.34,4.71,0.22
2025-06-18,600519,1412.4,1397.4,1415.84,1393.41,30761,4404131364.0,1.6,-0.14,-2.0,0.24
2025-06-19,600519,1398.4,1398.4,1406.07,1389.58,24501,3490268568.0,1.18,0.07,1.0,0.2
2025-06-20,600519,1395.98,1401.06,1413.54,1392.6,34816,4990683314.0,1.5,0.19,2.66,0.28
2025-06-23,600519,1392.4,1392.4,1405.4,1377.58,26723,3794012343.0,1.99,-0.62,-8.66,0.21
2025-06-24,600519,1395.75,1409.6,1424.08,1395.75,36312,5229183514.0,2.03,1.24,17.2,0.29
2025-06-25,600519,1411.51,1408.26,1421.6,1392.91,41050,5869292227.0,2.04,-0.1,-1.34,0.33
2025-06-26,600519,1415.0,1420.0,1428.0,1410.08,34860,4955829982.0,1.27,0.83,11.74,0.28
2025-06-27,600519,1420.01,1403.09,1423.0,1403.09,38250,5404312675.0,1.4,-1.19,-16.91,0.3
2025-06-30,600519,1403.5,1409.52,1413.23,1402.0,30457,4287373691.0,0.8,0.46,6.43,0.24
2025-07-01,600519,1409.0,1405.1,1411.94,1403.31,19878,2794423203.0,0.61,-0.31,-4.42,0.16
2025-07-02,600519,1409.5,1409.6,1414.8,1400.0,26218,3689246316.0,1.05,0.32,4.5,0.21
2025-07-03,600519,1412.0,1415.6,1422.69,1408.0,24413,3456733002.0,1.04,0.43,6.0,0.19
2025-07-04,600519,1415.7,1422.22,1431.89,1410.01,28767,4086547268.0,1.55,0.47,6.62,0.23
2025-07-07,600519,1422.28,1410.7,1423.5,1410.01,23855,3370562659.0,0.95,-0.81,-11.52,0.19
2025-07-08,600519,1410.71,1416.11,1420.0,1410.7,18674,2643302691.0,0.66,0.38,5.41,0.15
2025-07-09,600519,1415.0,1418.88,1429.97,1414.17,27745,3950810723.0,1.12,0.2,2.77,0.22
2025-07-10,600519,1418.97,1426.5,1436.18,1410.4,38725,5503329754.0,1.82,0.54,7.62,0.31
2025-07-11,600519,1423.16,1427.0,1458.0,1423.16,57243,8239010390.0,2.44,0.04,0.5,0.46
2025-07-14,600519,1430.0,1423.6,1434.98,1421.6,27781,3961736006.0,0.94,-0.24,-3.4,0.22
2025-07-15,600519,1420.98,1411.0,1422.93,1408.32,35406,5005150165.0,1.03,-0.89,-12.6,0.28
2025-07-16,600519,1410.01,1411.03,1417.49,1409.95,21286,3006882579.0,0.53,0.0,0.03,0.17
2025-07-17,600519,1413.98,1416.35,1423.01,1412.88,23106,3273100406.0,0.72,0.38,5.32,0.18
2025-07-18,600519,1420.0,1437.0,1437.81,1416.38,41823,5984949774.0,1.51,1.46,20.65,0.33
2025-07-21,600519,1436.99,1443.0,1446.8,1435.0,26203,3779891829.0,0.82,0.42,6.0,0.21
2025-07-22,600519,1444.0,1464.98,1466.6,1440.68,42119,6127636851.0,1.8,1.52,21.98,0.34
2025-07-23,600519,1469.0,1475.5,1495.0,1468.95,45045,6676301462.0,1.78,0.72,10.52,0.36
2025-07-24,600519,1476.0,1491.5,1499.0,1475.0,38804,5786337377.0,1.63,1.08,16.0,0.31
2025-07-25,600519,1491.4,1455.0,1491.4,1453.0,41911,6140078741.0,2.57,-2.45,-36.5,0.33
2025-07-28,600519,1453.0,1438.66,1454.99,1436.3,38586,5560966386.0,1.28,-1.12,-16.34,0.31
2025-07-29,600519,1439.6,1439.0,1448.79,1435.01,26304,3785848102.0,0.96,0.02,0.34,0.21
2025-07-30,600519,1444.0,1449.44,1457.16,1437.0,31868,4612883040.0,1.4,0.73,10.44,0.25
